Feature,Importance
PC1,0.37215328
PC2,0.30099773
PC4,0.18474144
PC3,0.14210749
