Feature,Importance
PC1,0.2995031099309491
PC2,0.27733381928320755
PC4,0.23082896349668539
PC3,0.19233410728915804
